{"_id":{"$oid":"57d5d874fe4c32bfd3f64642"},"name":"hd","a_m1":0.6483813552170511,"a_m2":0.024619660137033504,"a_fit_min":0.6591004774710998,"a_fit_max":0.6728343029898022,"a_lwr_min":0.491697821203432,"a_lwr_max":0.5056288707283558,"a_upr_min":0.8265031337387676,"a_upr_max":0.8400397352512485,"n_m1":0.5806285346426627,"n_m2":0.10601948855361115,"n_fit_min":0.6108463601959582,"n_fit_max":0.6857223441631044,"n_lwr_min":0.4287976482678563,"n_lwr_max":0.503216301047041,"n_upr_min":0.79289507212406,"n_upr_max":0.8682283872791678,"m_m1":0.6226553994572877,"m_m2":0.04323525055727963,"m_fit_min":0.6305340654503253,"m_fit_max":0.665687653281204,"m_lwr_min":0.4510951422676886,"m_lwr_max":0.48620065785708566,"m_upr_min":0.8099729886329621,"m_upr_max":0.8451746487053224,"i_m1":0.6108161701899799,"i_m2":0.055091025766227694,"i_fit_min":0.6190572370102985,"i_fit_max":0.66585308146464,"i_lwr_min":0.4441752849259852,"i_lwr_max":0.49021473147648975,"i_upr_min":0.7939391890946117,"i_upr_max":0.8414914314527902,"max":200.0,"min":0.0,"close":1.0}
{"_id":{"$oid":"57d5d89dfe4c32bfd3f6464a"},"name":"ibm","a_m1":0.5915373449456196,"a_m2":0.09464648907321091,"a_fit_min":0.6158172086773309,"a_fit_max":0.6853836897457172,"a_lwr_min":0.4359767624884279,"a_lwr_max":0.5051090077215679,"a_upr_min":0.795657654866234,"a_upr_max":0.8656583717698665,"n_m1":0.6476764226351965,"n_m2":0.02944353424276211,"n_fit_min":0.6516548815983864,"n_fit_max":0.6770468405137291,"n_lwr_min":0.46145334754696854,"n_lwr_max":0.48811556074428786,"n_upr_min":0.8418564156498042,"n_upr_max":0.8659781202831703,"m_m1":0.6399966477375302,"m_m2":0.008370082777467045,"m_fit_min":0.6406399056074767,"m_fit_max":0.6482919604078384,"m_lwr_min":0.4591621492373973,"m_lwr_max":0.4671453061371492,"m_upr_min":0.8220129982114561,"m_upr_max":0.8294933518561584,"i_m1":0.6143142409528938,"i_m2":0.025258754711863403,"i_fit_min":0.620447745768526,"i_fit_max":0.6395321649930226,"i_lwr_min":0.4420502797371485,"i_lwr_max":0.4612473664328396,"i_upr_min":0.7988452117999035,"i_upr_max":0.8178169635532055,"max":200.0,"min":0.0,"close":1.0}
{"_id":{"$oid":"57d5d8c2fe4c32bfd3f64653"},"name":"mcd","a_m1":0.5334073930040508,"a_m2":0.025990441427496572,"a_fit_min":0.5413168629451455,"a_fit_max":0.5589573076369976,"a_lwr_min":0.37083622729998755,"a_lwr_max":0.38910061749922514,"a_upr_min":0.7117974985903034,"a_upr_max":0.7288139977747701,"n_m1":0.5260380646893921,"n_m2":0.04526003169938559,"n_fit_min":0.5434322726908185,"n_fit_max":0.5712295191344714,"n_lwr_min":0.371788210732387,"n_lwr_max":0.3998551578443351,"n_upr_min":0.71507633464925,"n_upr_max":0.7426038804246077,"m_m1":0.5381567257143361,"m_m2":0.01614729918454476,"m_fit_min":0.5439377909618547,"m_fit_max":0.5542946911505131,"m_lwr_min":0.3464050615142578,"m_lwr_max":0.35672563905977595,"m_upr_min":0.7414705204094516,"m_upr_max":0.7518637432412503,"i_m1":0.5264918031594965,"i_m2":0.03011005142481305,"i_fit_min":0.5403676796522744,"i_fit_max":0.5564884712646965,"i_lwr_min":0.36432041494238177,"i_lwr_max":0.37995595723749553,"i_upr_min":0.716414944362167,"i_upr_max":0.7330209852918974,"max":200.0,"min":0.0,"close":1.0}
{"_id":{"$oid":"57d5d8f5fe4c32bfd3f6465b"},"name":"aapl","a_m1":0.5666645054371736,"a_m2":0.032676187745994185,"a_fit_min":0.5815166321790207,"a_fit_max":0.5993288194204609,"a_lwr_min":0.34037006175416396,"a_lwr_max":0.35783731587941503,"a_upr_min":0.8226632026038775,"a_upr_max":0.8408203229615068,"n_m1":0.5781317423272978,"n_m2":0.017620650171070572,"n_fit_min":0.5843211293563003,"n_fit_max":0.5956744251568251,"n_lwr_min":0.34660536952649557,"n_lwr_max":0.35668897676057076,"n_upr_min":0.8219977378072011,"n_upr_max":0.8350592676200166,"m_m1":0.578928993082744,"m_m2":0.027907547659797735,"m_fit_min":0.5879478924122279,"m_fit_max":0.6065483442362559,"m_lwr_min":0.348690952707559,"m_lwr_max":0.36676563554774205,"m_upr_min":0.8272048321168968,"m_upr_max":0.8463310529247698,"i_m1":0.5802635151598607,"i_m2":0.032361677680040245,"i_fit_min":0.5871503451930786,"i_fit_max":0.6124027748248295,"i_lwr_min":0.35588034553438663,"i_lwr_max":0.38118998682205774,"i_upr_min":0.8184203448517706,"i_upr_max":0.8436155628276013,"max":200.0,"min":0.0,"close":1.0}
{"_id":{"$oid":"57d5d9d8fe4c32bfd3f64693"},"name":"dis","a_m1":0.4234178494693902,"a_m2":0.03330563215314352,"a_fit_min":0.433910090465176,"a_fit_max":0.4563615126685747,"a_lwr_min":0.2601274091684538,"a_lwr_max":0.28222995164877485,"a_upr_min":0.6076927717618982,"a_upr_max":0.6304930736883746,"n_m1":0.43755932866491704,"n_m2":0.015301624945809065,"n_fit_min":0.4394215142390467,"n_fit_max":0.45283797518563873,"n_lwr_min":0.26127918631887503,"n_lwr_max":0.27425140861810415,"n_upr_min":0.6175638421592183,"n_upr_max":0.6314245417531733,"m_m1":0.4157789013685142,"m_m2":0.04689021830909498,"m_fit_min":0.43102562608395256,"m_fit_max":0.4623659126632493,"m_lwr_min":0.2462071186102853,"m_lwr_max":0.27782502581666446,"m_upr_min":0.6158441335576198,"m_upr_max":0.6469067995098341,"i_m1":0.4376993414312803,"i_m2":0.009106966530096265,"i_fit_min":0.4410253562104164,"i_fit_max":0.4467953152012309,"i_lwr_min":0.2651626233105567,"i_lwr_max":0.27159356688890857,"i_upr_min":0.616315667621569,"i_upr_max":0.6224971399067523,"max":200.0,"min":0.0,"close":1.0}
{"_id":{"$oid":"57d5dad5fe4c32bfd3f646ba"},"name":"cvx","a_m1":0.5210019633809008,"a_m2":0.048742016974670524,"a_fit_min":0.5382130742970459,"a_fit_max":0.5695828381253468,"a_lwr_min":0.3664846805252229,"a_lwr_max":0.3970408160090278,"a_upr_min":0.7099414680688689,"a_upr_max":0.7421248602416659,"n_m1":0.5085630335734047,"n_m2":0.05276651423038761,"n_fit_min":0.5270817196673226,"n_fit_max":0.5612494408931732,"n_lwr_min":0.34314765024445804,"n_lwr_max":0.376952316320733,"n_upr_min":0.7110157890901873,"n_upr_max":0.7455465654656134,"m_m1":0.533114688375026,"m_m2":0.03941459806855274,"m_fit_min":0.5374029413690921,"m_fit_max":0.5722342529941086,"m_lwr_min":0.3646523014052978,"m_lwr_max":0.39907758065436255,"m_upr_min":0.7101535813328863,"m_upr_max":0.7453909253338546,"i_m1":0.5524173651123426,"i_m2":0.024810419078035478,"i_fit_min":0.5554549918150159,"i_fit_max":0.5770240837328101,"i_lwr_min":0.38147878608863817,"i_lwr_max":0.4025762658729725,"i_upr_min":0.7294311975413936,"i_upr_max":0.7514719015926477,"max":200.0,"min":0.0,"close":1.0}
